Chemin relatif,Taille,SHA256,Provenance,Statut,Secrets masques
DEPOT/01_Journal_de_Bord/Seance_06_2026-10-06/Rapport_Avancement_Serveur_Et_Recette_Survie.md,8405,095bd6a533365112a685713eb67c002ff8441e8293188d98f31eaacaa8d94cf8,DEPOT_GIT,VALIDE,non
DEPOT/01_Journal_de_Bord/Seance_07_2026-10-06/Rapport_Livraison_Finale_Lots_0_a_7.md,12095,edc072f8c92631687ca32727f368247d40a80d4be23935099fbc229218ad34db,DEPOT_GIT,VALIDE,non
DEPOT/Perplexity/audit_complet_minecraft_terrain.json,45269,871e348aead0b6be0c8f05b647b6c5d6051e42e86a560f1a3c8c1bdaca8a4756,DEPOT_GIT,VALIDE,non
DEPOT/Perplexity/JoyStickFM_Production_Lots_0_a_7/download_assets.py,2401,b17aa6c8b77fe316da061b26a8f02ca53ec998c28332feb1f0713aa6489319e4,DEPOT_GIT,VALIDE,non
DEPOT/Perplexity/JoyStickFM_Production_Lots_0_a_7/fix_compass_parkour_blockhunt.py,7663,68d6103161ca8a5c9057456c358190231e5b80f683b8339d5c12d5b6d4e5bc0f,DEPOT_GIT,VALIDE,non
DEPOT/Perplexity/JoyStickFM_Production_Lots_0_a_7/fix_npcs_and_lobby_protection.py,4680,00b7c6442a3628abd2c9c56ef269bc1494f4e8590c5c5a24c94fb6744a8e23d9,DEPOT_GIT,VALIDE,non
DEPOT/Perplexity/JoyStickFM_Production_Lots_0_a_7/generate_arena_structures.py,9798,a817ee503c29c908e238af274501b34e7be5674657f4a072bd2d4b52640a39c0,DEPOT_GIT,VALIDE,non
DEPOT/Perplexity/JoyStickFM_Production_Lots_0_a_7/Lot_6_Navigation_et_Menus/lot6_setup_lobby_npcs.py,3848,4ff556973b2f646f04be22e243e14dbba1d549419d2be1262b2f470a3e05f5c1,DEPOT_GIT,VALIDE,non
DEPOT/Perplexity/JoyStickFM_Production_Lots_0_a_7/resolve_grand_hub_terrestre.py,14799,8cb5e477926b282aac6f0552cfe4ebdeec148a5b60e44bd7898d25dd70be5b8e,DEPOT_GIT,VALIDE,non
DEPOT/Perplexity/JoyStickFM_Production_Lots_0_a_7/src/fm/joystick/hub/JoyStickHub.java,15417,7129ac534567a79ad1faf4b5a3882faa504fee54e0815ac1d7a7f0ff0076deaa,DEPOT_GIT,VALIDE,non
DEPOT/Perplexity/JoyStickFM_Production_Lots_0_a_7/src/plugin.yml,207,3351fe7eb6c08963104857a38193faa15818d436dd77d8a5ef34f2fbf56ae33f,DEPOT_GIT,VALIDE,non
DEPOT/Perplexity/JoyStickFM_Production_Lots_0_a_7/sync_full_server.py,6247,60d7f634edd12ea31f0d20e204bf776db640f5247c6a7e86f2ba0c1319c69806,DEPOT_GIT,VALIDE,non
DEPOT/Perplexity/JoyStickFM_Production_Lots_0_a_7/verify_master_lots_0_to_7.py,7335,aa3fd8d62f864dcd6754496aecf10dbbc98e460b457721baca572c5eab49adf6,DEPOT_GIT,VALIDE,non
DEPOT/scratch/build_joystick_hub.py,1912,d9aee189ce46ce5f60e8e49145b36ac09e2d681134b06eedecf51c81f3dcab1a,DEPOT_GIT,VALIDE,non
DEPOT/scripts/sync_server_vm.sh,722,ae969ac7fffb00b9d46b7ebd871dfdf52d01e1367d1629e1d61792366963c428,DEPOT_GIT,VALIDE,non
DEPOT/src/JoyStickHub/build.py,1937,67a6223313f264619e97682e5d75fb9860d2d121fbc715a953e022c983ae09dd,DEPOT_GIT,VALIDE,non
DEPOT/src/JoyStickHub/pom.xml,1841,b51ed492bd92592ac2c63f8f9b9f7ef5986afcc0eb4d55a474764f9e8845055f,DEPOT_GIT,VALIDE,non
DEPOT/src/JoyStickHub/README.md,2305,97a79bb3f57bf205879963a9a40a857fd342459bbf5d827da32649ea34eb7871,DEPOT_GIT,VALIDE,non
DEPOT/src/JoyStickHub/src/main/java/fm/joystick/hub/JoyStickHub.java,15417,7129ac534567a79ad1faf4b5a3882faa504fee54e0815ac1d7a7f0ff0076deaa,DEPOT_GIT,VALIDE,non
DEPOT/src/JoyStickHub/src/main/resources/plugin.yml,207,3351fe7eb6c08963104857a38193faa15818d436dd77d8a5ef34f2fbf56ae33f,DEPOT_GIT,VALIDE,non
ETAT_ACTUEL.txt,4974,cd0cc6bedb4a2a1fbbc39443dc7d1df1bacdf93de2bdf2cb6784cb298bb8bf96,LIVRABLE_TRANSMISSION,VALIDE,non applicable
MANQUANTS_ET_ANOMALIES.md,5090,3d6e31815955a062a0e2063394fef5b7e9df20e309a82bcd6cf70e23a2024f74,LIVRABLE_TRANSMISSION,VALIDE,non applicable
PREUVES/CLASSIFICATION_SCRIPTS.md,4574,55198d3a7a14abfe997c5f286d30fd3866d11f180ea0b1586b840a1e7d5fd3a9,PREUVE_CONTROLE,VALIDE,non applicable
PREUVES/COMPARAISON_HASHES_SOURCES_ET_JARS.md,2464,9479625541c610c6db7980cdf5d6e651954e88d8532687c77c84946dbb071417,PREUVE_CONTROLE,VALIDE,non applicable
PREUVES/CONTRAT_LUCKPERMS_ROLES.md,2061,1723d3740ac1810a7080a85bec540230bf7f866888d63abd59735ff97d297533,PREUVE_CONTROLE,VALIDE,non applicable
PREUVES/MANIFESTE_CARTES_COMMUNAUTAIRES.md,2814,a8559c654ebbc00537d299857c1ec409edc1edc80afecb41779732183fa2dfe6,PREUVE_CONTROLE,VALIDE,non applicable
PREUVES/RELEVE_TELEMETRIE_VM.md,1559,93fb4ea52ac6f4c4282caca3a536d03131f5bd1e91984349328ebf264fd5bca7,PREUVE_CONTROLE,VALIDE,non applicable
RAPPORT_VERIFICATION_PHASE0.md,4468,01a53fcd4e8fbc5a855b1e33f5b537af579e758ae945c3608abd0c75dc67f178,LIVRABLE_TRANSMISSION,VALIDE,non applicable
README.md,3771,973af85ba3802eab75ac2b9aa5e1aa99514f85a85c0599962ca39cfef377a22a,LIVRABLE_TRANSMISSION,VALIDE,non applicable
VM/data/bukkit.yml,1191,ab0bf7be53e9382545c5a7eb0a1851ed0fdcfbb1d2827417398d126ec59c7b37,VM_PRODUCTION,VALIDE,non
VM/data/commands.yml,611,887cafd9f154add5231c6cc919fa36255ffa1598fa3d293db21e95d09fecafad,VM_PRODUCTION,VALIDE,non
VM/data/config/paper-global.yml,4630,33fa60ff01d00fe35551b297964cbbab46d8c6ae42c968a93bc1e3755d281d92,VM_PRODUCTION,VALIDE,non
VM/data/config/paper-world-defaults.yml,8925,3bb799c2b41438554088347c161ac2974eb94750d7684dc10bddc67e542ce56c,VM_PRODUCTION,VALIDE,non
VM/data/plugins/AuthMe/config.yml,31617,119e80c4232092ae7a5a616371bc5eb1ee34539f43fad16aee1209fc19f540c8,VM_PRODUCTION,VALIDE,oui
VM/data/plugins/BedWars/arenas/jfm_duo.yml,4094,e75f0f81842678efdef6f2eed3c62b45da023675e6ff63e5f2cb02efb96e8da2,VM_PRODUCTION,VALIDE,non
VM/data/plugins/BedWars/arenas/rush_1v1.yml,1907,92e551ea46508894eaa41b1967fc804a56c65867c3ab1a44771a2690868db9be,VM_PRODUCTION,VALIDE,non
VM/data/plugins/BedWars/arenas/rush_2v2.yml,1907,d83a8cb448022bc90a6dc7fa3071fb8bcee4439728b50e2ca85f9757b8ddb95a,VM_PRODUCTION,VALIDE,non
VM/data/plugins/BedWars/config.yml,9989,9dc9e0c8761364097acbc3d4f81e7d418276f84dc5cc6ba873db3bcae8f6dbe3,VM_PRODUCTION,VALIDE,non
VM/data/plugins/BedWars/rush_shop.yml,1950,1ba45c2d14e9b3d84f580af68d706747033d20c436e817eabe3f054688542e01,VM_PRODUCTION,VALIDE,non
VM/data/plugins/BedWars/shop.yml,2567,b001f4e676cba3a2d338f37acc2a42b3dd1cbc047438d1ed9e4a0907094d5f87,VM_PRODUCTION,VALIDE,non
VM/data/plugins/BlockHunt/arenas.yml,2003,7c73e215b543e4ccca086a84e842ba055242c8819d4a56f7cd494789b952cbff,VM_PRODUCTION,VALIDE,non
VM/data/plugins/BlockHunt/config.yml,2351,ebf08df14b7769dbc1cb059d1db796a077b99b779c28b8f55ae8a76c5d801294,VM_PRODUCTION,VALIDE,non
VM/data/plugins/BlockHunt/messages.yml,6100,f0e8b31965cd11f2909e8da9a67c81717dbd55f25951648df84354dcaa3c0445,VM_PRODUCTION,VALIDE,non
VM/data/plugins/DeluxeMenus/config.yml,342,9cc9d8273944c0a672e77ac07dfc44c3521b33bdd22fbd35f27000de5e2033bc,VM_PRODUCTION,VALIDE,non
VM/data/plugins/DeluxeMenus/gui_menus/games.yml,5759,2a36eccbd87914c0cd029a05e31942b6740d55e1e74d8c42d3a76bbba84232fe,VM_PRODUCTION,VALIDE,non
VM/data/plugins/DeluxeMenus/gui_menus/lot6_games_menu.yml,5875,6e885c6688d347fbc030fbdd4c484defb9340b51426ac5b3ed456cd13679dc04,VM_PRODUCTION,VALIDE,non
VM/data/plugins/Essentials/config.yml,57215,32740f4399846f9cf8bd03c580e3d3842cab022ee0160c203050c0d832045b54,VM_PRODUCTION,VALIDE,non
VM/data/plugins/Essentials/spawn.yml,104,6f330a503b651af1da43060015bf0542d02429c0823dbc6c17085f6b15b8589a,VM_PRODUCTION,VALIDE,non
VM/data/plugins/GriefPreventionData/config.yml,5668,085a75f5f007e2123164d8843dd882c90739347f4a78e84e509ed7381177f1da,VM_PRODUCTION,VALIDE,non
VM/data/plugins/GriefPreventionData/messages.yml,24911,1be24cbb15e58303dd92588aad46967983279eb5057b2b7fc02cf23162f774ef,VM_PRODUCTION,VALIDE,non
VM/data/plugins/ItemJoin/config.yml,896,47f20ae54c35a2d6cd9cb510896e1168ff9424bfe403efac38eec6731b56295f,VM_PRODUCTION,VALIDE,non
VM/data/plugins/ItemJoin/items.yml,1612,8f4fb165df4bf9c06b8bc5fb822fc33dad992c75bfdb62d6eebe734e1890040c,VM_PRODUCTION,VALIDE,non
VM/data/plugins/JoyStickHub/config.yml,49,32dcc9ac502ee736dbea13b5823562a8fd97bbc07304c7feda99173cbad55c56,VM_PRODUCTION,VALIDE,non
VM/data/plugins/LuckPerms/config.yml,38231,51fb0a3899bdcff5f29ede7062ef2a5040fa58d804887ce81adb8d9098eafeaf,VM_PRODUCTION,VALIDE,non
VM/data/plugins/LuckPerms/groups/admin.yml,114,f6b1962a71b79553c2df9a543ddb5837d726caccc48ad7750dc10d3cf7622f69,VM_PRODUCTION,VALIDE,non
VM/data/plugins/LuckPerms/groups/default.yml,85,799ca6f413ab9eab0aca3fc9fb22953c481f194db2db2cb2e4928233117f3fb1,VM_PRODUCTION,VALIDE,non
VM/data/plugins/LuckPerms/groups/joueur.yml,872,5125f3e41f486244022a3f11c70ab287d047c0735d5ff6a572b37bc1b48b366f,VM_PRODUCTION,VALIDE,non
VM/data/plugins/LuckPerms/groups/modo.yml,443,d4dc6777090c785f014a5254f9decedea53c130cd8a7f11c3589f35b59557960,VM_PRODUCTION,VALIDE,non
VM/data/plugins/LuckPerms/groups/vip.yml,276,417c36e9318d2f3ebe94013091ddff803ba25bded32475b94f2cee3843e6f955,VM_PRODUCTION,VALIDE,non
VM/data/plugins/Multiverse-Core/config.yml,17058,7d3368c4fc5e26670b3d356d6accf824487aa65fba9d3474d1b0ddd01cd4d591,VM_PRODUCTION,VALIDE,non
VM/data/plugins/Multiverse-Core/worlds.yml,19287,44d0ffd0f019cfceeb32152b8e43e5b5d6c996d0ecacbb20f5b380284c04e34c,VM_PRODUCTION,VALIDE,non
VM/data/plugins/Multiverse-Inventories/config.yml,7580,b22f3dcd6fe332c00f66b4ca4c450b2b065aaf9bb3c1491fa636558ca668c427,VM_PRODUCTION,VALIDE,non
VM/data/plugins/Multiverse-Inventories/groups.yml,773,b980fdb755fbf3e0d2459ed9c1233b8d44754bc5dae6649fbff268e989d02d19,VM_PRODUCTION,VALIDE,non
VM/data/plugins/TAB/config.yml,935,8692e69de27e27304b191d3d9b7eb1a58d56611f81c02fa5796990b1c31cdd70,VM_PRODUCTION,VALIDE,non
VM/data/plugins/WorldEdit/config.yml,4808,f9e56a6b5ca3a215f72370ff52639bc309d39cc8df5b67fbf7bfe67e80b5d13d,VM_PRODUCTION,VALIDE,non
VM/data/server.properties,2027,a67b35784c01d7347cd830b1a794169bd17f311c78032a58f27c0effa2c25e19,VM_PRODUCTION,VALIDE,oui
VM/data/spigot.yml,5131,a7eaf6153f66bd8bf8cd484a0f8fe4db16177ac299f5e834a09bcd4a095773ba,VM_PRODUCTION,VALIDE,non
VM/docker-compose.yml,672,d97902273ef56ccbb6b5a1ad113237a2664d1f044434af5adb4b376f62f8d833,VM_PRODUCTION,VALIDE,non
